NUTS,perc,urt,class
BE100,-6.8,1,3
BE211,-6.0,1,3
BE212,4.7,1,2
BE213,16.0,2,4
BE223,-1.4,2,5
BE224,-0.9,1,2
BE225,-4.7,2,5
BE231,0.0,1,2
BE232,2.5,1,2
BE233,0.0,2,5
BE234,6.9,2,4
BE235,-11.7,2,6
BE236,2.9,1,2
BE241,0.7,1,2
BE242,10.2,2,4
BE251,3.5,2,5
BE252,5.1,2,4
BE253,9.7,2,4
BE254,6.7,1,1
BE255,5.6,2,4
BE256,-0.8,2,5
BE257,0.8,2,5
BE258,1.9,2,5
BE310,30.3,2,4
BE323,6.9,1,1
BE328,0.0,2,5
BE329,-1.8,1,2
BE32A,4.8,3,8
BE32B,-11.6,1,3
BE32C,-13.4,2,6
BE32D,1.9,3,8
BE331,-7.7,3,9
BE332,-1.1,1,2
BE334,1.9,3,8
BE335,1.3,2,5
BE336,-7.0,3,9
BE341,-10.0,3,9
BE342,-7.0,3,9
BE343,-3.4,3,8
BE344,-2.4,3,8
BE345,-7.1,3,9
BE351,-1.5,3,8
BE352,-3.3,2,5
BE353,-3.6,3,8
BG311,8.0,3,7
BG312,15.4,2,4
BG313,17.1,2,4
BG314,15.4,2,4
BG315,6.7,2,4
BG321,25.9,2,4
BG322,28.6,2,4
BG323,14.3,2,4
BG324,23.1,3,7
BG325,0.0,3,8
BG331,4.1,2,5
BG332,10.7,2,4
BG333,14.3,2,4
BG334,23.1,3,7
BG341,2.4,2,5
BG342,8.7,2,4
BG343,29.2,2,4
BG344,21.4,2,4
BG411,21.2,1,1
BG412,32.5,3,7
BG413,10.3,2,4
BG414,-19.4,2,6
BG415,11.5,2,4
BG421,40.6,2,4
BG422,3.7,2,5
BG423,6.9,2,4
BG424,9.1,3,7
BG425,15.4,3,7
CZ010,7.3,1,1
CZ020,4.9,1,2
CZ031,7.1,3,7
CZ032,10.8,3,7
CZ041,-3.3,2,5
CZ042,0.0,2,5
CZ051,10.9,2,4
CZ052,15.5,2,4
CZ053,7.4,3,7
CZ063,11.9,3,7
CZ064,8.6,2,4
CZ071,16.1,2,4
CZ072,9.7,2,4
CZ080,4.3,2,5
DK011,2.9,1,2
DK012,12.3,1,1
DK013,1.9,2,5
DK014,5.9,3,7
DK021,7.1,2,4
DK022,3.5,3,8
DK031,-4.9,2,5
DK032,2.5,2,5
DK041,0.8,3,8
DK042,0.0,2,5
DK050,-2.8,3,8
DE111,-2.2,1,2
DE112,10.2,1,1
DE113,-4.5,1,2
DE114,-5.9,1,3
DE115,-2.9,1,2
DE116,-2.8,1,2
DE117,-1.2,2,5
DE118,23.9,2,4
DE119,11.8,3,7
DE11A,16.1,3,7
DE11B,2.6,3,8
DE11C,-6.1,2,6
DE11D,12.8,2,4
DE121,-6.3,1,3
DE122,-6.7,1,3
DE123,-4.2,1,2
DE124,2.3,1,2
DE125,-7.7,1,3
DE126,-9.7,1,3
DE127,0.0,3,8
DE128,-1.8,1,2
DE129,-9.7,2,6
DE12A,1.2,3,8
DE12B,2.3,2,5
DE12C,1.7,3,8
DE131,1.9,2,5
DE132,6.0,2,4
DE133,10.2,2,4
DE134,-3.9,2,5
DE135,4.9,3,8
DE136,1.8,2,5
DE137,9.0,2,4
DE138,-3.7,2,5
DE139,-6.5,2,6
DE13A,-2.2,2,5
DE141,-1.6,2,5
DE142,1.0,2,5
DE143,1.9,2,5
DE144,-4.5,2,5
DE145,3.2,2,5
DE146,12.0,3,7
DE147,2.8,2,5
DE148,12.1,2,4
DE149,2.8,3,8
DE211,56.2,2,4
DE212,3.4,1,2
DE213,2.0,2,5
DE214,-13.0,2,6
DE215,9.7,2,4
DE216,-5.4,2,6
DE217,11.4,2,4
DE218,-7.8,2,6
DE219,23.0,2,4
DE21A,8.1,3,7
DE21B,-2.6,2,5
DE21C,6.7,2,4
DE21D,5.7,2,4
DE21E,10.5,3,7
DE21F,13.9,2,4
DE21G,10.6,3,7
DE21H,-1.5,1,2
DE21I,1.8,3,8
DE21J,10.3,2,4
DE21K,7.5,2,4
DE21L,-10.5,2,6
DE21M,13.1,3,7
DE21N,9.9,2,4
DE221,-1.7,3,8
DE222,-9.2,3,9
DE223,-0.6,3,8
DE224,9.0,3,7
DE225,23.0,3,7
DE226,2.2,3,8
DE227,1.9,3,8
DE228,4.7,3,8
DE229,18.8,3,7
DE22A,8.8,3,7
DE22B,14.9,3,7
DE22C,17.0,3,7
DE231,15.1,2,4
DE232,-8.4,2,6
DE233,-6.2,3,9
DE234,10.7,2,4
DE235,15.3,3,7
DE236,17.3,3,7
DE237,24.7,3,7
DE238,5.6,2,4
DE239,9.2,3,7
DE23A,35.2,3,7
DE241,-2.6,2,5
DE242,5.1,2,4
DE243,26.0,2,4
DE244,-7.3,2,6
DE245,16.2,2,4
DE246,6.3,2,4
DE247,5.3,2,4
DE248,44.1,2,4
DE249,25.6,2,4
DE24A,-1.0,3,8
DE24B,14.1,3,7
DE24C,-1.9,3,8
DE24D,20.2,3,7
DE251,6.8,3,7
DE252,8.1,1,1
DE253,-3.5,1,2
DE254,3.4,1,2
DE255,-2.7,1,2
DE256,9.4,3,7
DE257,15.5,1,1
DE258,-1.4,1,2
DE259,0.0,2,5
DE25A,15.2,3,7
DE25B,15.4,2,4
DE25C,6.9,3,7
DE261,-2.7,1,2
DE262,0.3,2,5
DE263,10.2,2,4
DE264,-5.7,1,3
DE265,9.0,3,7
DE266,22.2,3,7
DE267,11.8,3,7
DE268,10.3,3,7
DE269,7.5,2,4
DE26A,6.8,3,7
DE26B,-10.8,2,6
DE26C,-1.2,2,5
DE271,-7.5,1,3
DE272,-1.8,2,5
DE273,-4.3,2,5
DE274,-1.6,3,8
DE275,1.2,2,5
DE276,9.6,1,1
DE277,18.2,3,7
DE278,3.0,3,8
DE279,0.0,2,5
DE27A,15.2,2,4
DE27B,11.2,2,4
DE27C,22.3,3,7
DE27D,10.5,3,7
DE27E,11.5,2,4
DE300,9.7,1,1
DE401,3.2,2,5
DE402,-2.8,2,5
DE403,-12.4,2,6
DE404,1.6,2,5
DE405,9.8,2,4
DE406,-9.3,2,6
DE407,15.4,3,7
DE408,5.0,2,4
DE409,-1.5,2,5
DE40A,-4.9,2,5
DE40B,12.2,2,4
DE40C,8.3,2,4
DE40D,13.7,3,7
DE40E,16.4,2,4
DE40F,15.9,3,7
DE40G,0.0,2,5
DE40H,30.6,2,4
DE40I,8.5,3,7
DE501,-8.5,1,3
DE502,-10.3,2,6
DE600,-6.3,1,3
DE711,2.6,1,2
DE712,-17.1,1,3
DE713,-23.6,1,3
DE714,-3.0,1,2
DE715,-14.9,1,3
DE716,1.2,1,2
DE717,-2.2,1,2
DE718,-16.1,1,3
DE719,7.8,2,4
DE71A,-10.2,1,3
DE71B,0.0,3,8
DE71C,-1.7,1,2
DE71D,-6.3,2,6
DE71E,-2.2,2,5
DE721,-10.0,2,6
DE722,-8.9,2,6
DE723,5.7,2,4
DE724,0.0,2,5
DE725,3.8,3,8
DE731,-7.8,2,6
DE732,-0.9,2,5
DE733,-3.4,3,8
DE734,11.0,2,4
DE735,7.8,3,7
DE736,11.9,3,7
DE737,-6.3,3,9
DE803,9.9,2,4
DE804,3.4,3,8
DE80J,6.3,3,7
DE80K,13.0,2,4
DE80L,6.9,3,7
DE80M,7.2,3,7
DE80N,13.4,3,7
DE80O,13.8,3,7
DE911,-3.4,2,5
DE912,8.3,2,4
DE913,52.1,2,4
DE914,3.4,2,5
DE916,1.2,2,5
DE917,-3.2,3,8
DE918,2.5,3,8
DE91A,-15.6,2,6
DE91B,1.6,2,5
DE91C,2.9,2,5
DE922,1.1,2,5
DE923,-3.7,2,5
DE925,0.0,2,5
DE926,7.0,3,7
DE927,9.5,3,7
DE928,8.5,2,4
DE929,-0.7,1,2
DE931,3.5,2,5
DE932,14.3,2,4
DE933,5.8,2,4
DE934,5.6,3,7
DE935,7.5,2,4
DE936,3.3,2,5
DE937,10.3,3,7
DE938,10.9,2,4
DE939,3.3,2,5
DE93A,3.8,3,8
DE93B,2.2,2,5
DE941,1.4,1,2
DE942,38.2,2,4
DE943,-0.7,2,5
DE944,-3.2,2,5
DE945,-7.4,2,6
DE946,16.0,2,4
DE947,14.5,2,4
DE948,10.9,3,7
DE949,5.8,3,7
DE94A,8.0,2,4
DE94B,7.8,2,4
DE94C,-2.5,2,5
DE94D,4.2,2,5
DE94E,4.6,2,5
DE94F,5.6,2,4
DE94G,-16.2,2,6
DE94H,19.1,3,7
DEA11,-10.5,1,3
DEA12,-14.8,1,3
DEA13,-12.1,1,3
DEA14,-11.8,1,3
DEA15,-1.0,1,2
DEA16,-18.1,1,3
DEA17,-8.0,1,3
DEA18,-5.2,1,3
DEA19,0.0,1,2
DEA1A,-3.5,1,2
DEA1B,5.7,2,4
DEA1C,-4.7,1,2
DEA1D,-7.8,1,3
DEA1E,-4.4,1,2
DEA1F,1.2,1,2
DEA22,-10.9,1,3
DEA23,0.0,1,2
DEA24,-3.2,1,2
DEA26,-1.1,2,5
DEA27,2.9,1,2
DEA28,-3.5,2,5
DEA29,9.9,2,4
DEA2A,0.0,2,5
DEA2B,7.7,1,1
DEA2C,-3.4,1,2
DEA2D,4.6,1,2
DEA31,0.0,1,2
DEA32,-7.0,1,3
DEA33,-22.9,1,3
DEA34,10.8,2,4
DEA35,7.5,1,1
DEA36,0.0,1,2
DEA37,6.5,2,4
DEA38,0.0,2,5
DEA41,4.2,1,2
DEA42,5.1,1,1
DEA43,2.0,1,2
DEA44,5.0,3,7
DEA45,2.2,2,5
DEA46,5.9,2,4
DEA47,-2.7,2,5
DEA51,0.0,1,2
DEA52,4.4,1,2
DEA53,-12.3,1,3
DEA54,-7.4,1,3
DEA55,-3.8,1,2
DEA56,-6.2,1,3
DEA57,8.8,2,4
DEA58,-1.8,1,2
DEA59,5.3,2,4
DEA5A,-5.6,2,6
DEA5B,3.8,2,5
DEA5C,0.0,1,2
DEB11,-7.3,2,6
DEB12,14.3,2,4
DEB13,0.0,3,8
DEB14,-2.2,2,5
DEB15,6.0,3,7
DEB17,3.4,2,5
DEB18,2.1,2,5
DEB1A,11.0,2,4
DEB1B,8.7,3,7
DEB1C,10.6,3,7
DEB1D,15.2,3,7
DEB21,-12.2,2,6
DEB22,4.4,3,8
DEB23,2.4,3,8
DEB24,12.8,3,7
DEB25,15.4,2,4
DEB31,-8.6,1,3
DEB32,-2.1,2,5
DEB33,0.0,1,2
DEB34,-6.0,1,3
DEB35,-8.8,1,3
DEB36,-2.1,2,5
DEB37,0.9,3,8
DEB38,7.4,1,1
DEB39,8.4,1,1
DEB3A,-11.3,2,6
DEB3B,2.8,3,8
DEB3C,-5.8,2,6
DEB3D,12.0,3,7
DEB3E,12.6,1,1
DEB3F,3.3,2,5
DEB3G,-3.6,3,8
DEB3H,8.0,2,4
DEB3I,3.5,1,2
DEB3J,14.9,2,4
DEB3K,2.1,3,8
DEC01,-6.4,1,3
DEC02,-10.2,2,6
DEC03,-1.3,2,5
DEC04,-26.4,1,3
DEC05,-8.7,1,3
DEC06,11.4,2,4
DED21,0.0,1,2
DED2C,12.7,3,7
DED2D,18.6,2,4
DED2E,3.8,2,5
DED2F,11.1,1,1
DED41,2.8,2,5
DED42,12.7,2,4
DED43,-3.6,2,5
DED44,6.9,2,4
DED45,16.3,2,4
DED51,6.7,1,1
DED52,11.3,1,1
DED53,9.1,3,7
DEE01,0.0,2,5
DEE02,1.1,2,5
DEE03,-6.3,2,6
DEE04,5.9,3,7
DEE05,4.6,2,5
DEE06,6.8,3,7
DEE07,2.4,2,5
DEE08,4.1,3,8
DEE09,5.8,2,4
DEE0A,14.3,3,7
DEE0B,7.2,2,4
DEE0C,14.9,2,4
DEE0D,21.2,3,7
DEE0E,11.8,3,7
DEF01,-11.3,2,6
DEF02,-3.4,1,2
DEF03,4.0,2,5
DEF04,12.9,2,4
DEF05,13.3,3,7
DEF06,1.4,2,5
DEF07,4.0,3,8
DEF08,12.3,2,4
DEF09,-6.3,1,3
DEF0A,3.3,1,2
DEF0B,4.7,2,5
DEF0C,9.6,2,4
DEF0D,-1.0,2,5
DEF0E,-1.0,2,5
DEF0F,-4.7,2,5
DEG01,-1.6,2,5
DEG02,3.6,2,5
DEG03,17.7,2,4
DEG04,6.3,2,4
DEG05,0.0,2,5
DEG06,16.9,3,7
DEG07,6.8,2,4
DEG09,2.8,3,8
DEG0A,15.5,3,7
DEG0B,12.3,2,4
DEG0C,7.7,3,7
DEG0D,26.2,2,4
DEG0E,9.8,3,7
DEG0F,16.0,3,7
DEG0G,9.2,2,4
DEG0H,12.2,3,7
DEG0I,2.6,2,5
DEG0J,4.5,2,5
DEG0K,21.9,3,7
DEG0L,22.0,2,4
DEG0M,8.2,2,4
DEG0N,19.8,3,7
DEG0P,5.1,3,7
EE001,18.0,1,1
EE004,-5.9,3,9
EE008,11.5,3,7
EE009,13.6,3,7
EE00A,2.2,1,2
IE041,-21.0,3,9
IE042,-9.2,3,9
IE051,62.6,3,7
IE052,46.6,3,7
IE053,115.7,3,7
IE061,38.5,1,1
IE062,3.5,2,5
IE063,-35.3,3,9
EL301,-21.7,1,3
EL302,-31.3,1,3
EL303,-22.3,1,3
EL304,-28.0,1,3
EL305,-40.5,1,3
EL306,-44.4,1,3
EL307,-28.4,1,3
EL411,-41.3,3,9
EL412,-47.6,3,9
EL413,-41.9,2,6
EL421,-34.7,2,6
EL422,-31.3,3,9
EL431,-36.5,2,6
EL432,-22.0,3,9
EL433,-28.9,3,9
EL434,-31.8,2,6
EL511,-28.4,2,6
EL512,-39.7,2,6
EL513,-37.9,3,9
EL514,-29.3,2,6
EL515,-31.3,3,9
EL521,-33.3,2,6
EL522,-33.3,1,3
EL523,-32.8,3,9
EL524,-26.2,3,9
EL525,-31.3,2,6
EL526,-18.0,3,9
EL527,-28.0,3,9
EL531,-24.0,3,9
EL532,-29.3,2,6
EL533,-20.5,3,9
EL541,-20.7,3,9
EL542,-38.8,3,9
EL543,-30.3,2,6
EL611,-22.8,3,9
EL612,-28.2,2,6
EL613,-35.4,2,6
EL621,-32.7,3,9
EL622,-34.4,3,9
EL623,-40.2,3,9
EL624,-20.3,3,9
EL631,-28.1,3,9
EL632,-35.8,2,6
EL633,-27.9,3,9
EL641,-18.3,3,9
EL642,-35.4,3,9
EL643,-29.8,3,9
EL644,-32.1,3,9
EL645,-36.8,3,9
EL651,-21.7,3,9
EL652,-29.5,2,6
EL653,-25.4,3,9
ES111,-9.7,2,6
ES112,-1.2,3,8
ES113,0.0,3,8
ES114,-12.2,2,6
ES120,-14.9,2,6
ES130,-13.4,2,6
ES211,-20.3,1,3
ES212,-9.2,1,3
ES213,-8.9,1,3
ES220,-12.7,2,6
ES230,-11.8,2,6
ES241,-14.0,2,6
ES242,-18.5,3,9
ES243,-9.9,1,3
ES300,-8.8,1,3
ES411,-8.9,3,9
ES412,-8.8,2,6
ES413,-12.6,2,6
ES414,-8.6,2,6
ES415,-9.8,2,6
ES416,-17.9,3,9
ES417,-1.0,3,8
ES418,-6.9,2,6
ES419,-9.1,3,9
ES421,-5.1,2,6
ES422,-11.9,2,6
ES423,-4.8,3,8
ES424,-15.1,2,6
ES425,-20.7,2,6
ES431,-11.1,2,6
ES432,2.9,2,5
ES511,-9.2,1,3
ES512,-15.4,2,6
ES513,-15.8,2,6
ES514,-9.4,2,6
ES521,-14.8,1,3
ES522,-2.0,2,5
ES523,-14.4,1,3
ES531,2.2,2,5
ES532,-12.9,1,3
ES533,-17.8,2,6
ES611,-17.0,2,6
ES612,-15.8,1,3
ES613,-16.2,1,3
ES614,-12.2,2,6
ES615,-10.3,2,6
ES616,-11.4,2,6
ES617,-15.4,1,3
ES618,-14.3,1,3
ES620,-14.0,1,3
ES630,-17.2,1,3
ES640,-19.5,2,6
ES703,-20.3,3,9
ES704,-21.7,2,6
ES705,-16.3,1,3
ES706,-20.0,3,9
ES707,-18.5,2,6
ES708,-10.6,2,6
ES709,-19.6,1,3
FR101,15.2,1,1
FR102,-4.2,2,5
FR103,-5.3,1,3
FR104,0.0,1,2
FR105,5.8,1,1
FR106,5.3,1,1
FR107,1.7,1,2
FR108,-15.0,1,3
FRB01,-7.1,3,9
FRB02,-6.0,3,9
FRB03,-6.3,3,9
FRB04,-2.2,2,5
FRB05,-7.1,3,9
FRB06,-8.6,2,6
FRC11,-5.5,2,6
FRC12,-8.9,3,9
FRC13,-10.2,3,9
FRC14,-11.8,3,9
FRC21,-6.5,2,6
FRC22,-6.0,3,9
FRC23,-9.9,3,9
FRC24,-22.9,2,6
FRD11,-10.3,2,6
FRD12,-3.7,3,8
FRD13,-9.9,3,9
FRD21,-7.5,3,9
FRD22,-9.6,2,6
FRE11,0.0,1,2
FRE12,-1.3,2,5
FRE21,-8.0,3,9
FRE22,-9.1,2,6
FRE23,-6.8,3,9
FRF11,-4.6,2,5
FRF12,-5.4,2,6
FRF21,-10.3,3,9
FRF22,-13.0,2,6
FRF23,-8.9,2,6
FRF24,-10.6,3,9
FRF31,-12.2,2,6
FRF32,-7.1,3,9
FRF33,-11.8,2,6
FRF34,-8.6,3,9
FRG01,-0.9,1,2
FRG02,-5.6,2,6
FRG03,-7.4,3,9
FRG04,-10.2,3,9
FRG05,-3.3,3,8
FRH01,-2.5,3,8
FRH02,-2.3,3,8
FRH03,0.0,2,5
FRH04,-3.6,3,8
FRI11,-8.1,3,9
FRI12,1.9,1,2
FRI13,-4.9,3,8
FRI14,-3.8,3,8
FRI15,-6.9,2,6
FRI21,-8.2,3,9
FRI22,-4.6,3,8
FRI23,-8.0,3,9
FRI31,0.0,3,8
FRI32,-2.5,3,8
FRI33,0.0,3,8
FRI34,-3.4,3,8
FRJ11,-4.2,3,8
FRJ12,-6.4,2,6
FRJ13,-6.3,2,6
FRJ14,-7.6,3,9
FRJ15,-9.0,2,6
FRJ21,-7.1,3,9
FRJ22,-6.0,3,9
FRJ23,5.0,1,1
FRJ24,-2.9,3,8
FRJ25,1.3,3,8
FRJ26,-9.6,3,9
FRJ27,-6.7,3,9
FRJ28,-5.5,3,9
FRK11,-12.2,3,9
FRK12,-5.3,3,9
FRK13,-6.7,3,9
FRK14,4.3,2,5
FRK21,-11.4,3,9
FRK22,-6.8,3,9
FRK23,-2.0,3,8
FRK24,-3.8,2,5
FRK25,-7.6,2,6
FRK26,1.4,1,2
FRK27,-3.6,2,5
FRK28,-7.1,2,6
FRL01,-3.8,3,8
FRL02,-11.1,3,9
FRL03,0.9,1,2
FRL04,0.9,1,2
FRL05,-6.2,2,6
FRL06,2.1,2,5
FRM01,-1.1,3,8
FRM02,-5.3,3,9
FRY10,-5.5,2,6
FRY20,7.2,2,4
FRY30,-8.2,2,6
FRY40,-2.9,1,2
FRY50,16.7,2,4
HR021,-8.7,3,9
HR022,-16.7,3,9
HR023,-12.2,3,9
HR024,0.0,2,5
HR025,-11.3,2,6
HR026,-9.8,3,9
HR027,-12.0,3,9
HR028,-12.5,3,9
HR031,-6.3,2,6
HR032,-14.3,3,9
HR033,7.4,3,7
HR034,8.2,2,4
HR035,3.8,2,5
HR036,5.1,3,7
HR037,17.5,2,4
HR050,10.8,1,1
HR061,7.7,3,7
HR062,11.3,2,4
HR063,-9.4,3,9
HR064,2.4,3,8
HR065,12.5,3,7
ITC11,-10.7,1,3
ITC12,-14.2,2,6
ITC13,-17.0,2,6
ITC14,-8.0,2,6
ITC15,-9.1,2,6
ITC16,-12.3,3,9
ITC17,-8.6,3,9
ITC18,-11.3,3,9
ITC20,-15.6,2,6
ITC31,-22.3,1,3
ITC32,-21.7,2,6
ITC33,-9.2,1,3
ITC34,-5.7,1,3
ITC41,-16.9,1,3
ITC42,-15.3,1,3
ITC43,-12.7,1,3
ITC44,-7.4,2,6
ITC46,-12.6,1,3
ITC47,-12.4,2,6
ITC48,-15.5,2,6
ITC49,-11.8,2,6
ITC4A,-10.3,2,6
ITC4B,-8.0,3,9
ITC4C,-11.0,1,3
ITC4D,-12.1,1,3
ITF11,-6.7,3,9
ITF12,-12.4,2,6
ITF13,-17.3,2,6
ITF14,-8.6,2,6
ITF21,-19.5,3,9
ITF22,-17.4,3,9
ITF31,-13.8,1,3
ITF32,-15.2,3,9
ITF33,-15.6,1,3
ITF34,-15.5,2,6
ITF35,-8.8,2,6
ITF43,-13.0,1,3
ITF44,-3.2,1,2
ITF45,-6.7,1,3
ITF46,-6.3,3,9
ITF47,-7.6,1,3
ITF48,-10.2,1,3
ITF51,-1.2,3,8
ITF52,-19.2,2,6
ITF61,-20.3,2,6
ITF62,-20.8,2,6
ITF63,-9.7,2,6
ITF64,-10.2,3,9
ITF65,-17.1,2,6
ITG11,-18.5,2,6
ITG12,-17.3,1,3
ITG13,-13.0,2,6
ITG14,-12.3,2,6
ITG15,-27.1,1,3
ITG16,-14.8,2,6
ITG17,-16.2,1,3
ITG18,-18.1,2,6
ITG19,-18.1,1,3
ITG2D,-10.4,2,6
ITG2E,-10.1,3,9
ITG2F,-15.3,1,3
ITG2G,-13.0,3,9
ITG2H,-12.1,3,9
ITH10,0.6,3,8
ITH20,-9.4,2,6
ITH31,-8.3,2,6
ITH32,-4.2,2,5
ITH33,1.8,3,8
ITH34,-16.3,2,6
ITH35,-7.9,1,3
ITH36,-6.7,2,6
ITH37,-7.6,3,9
ITH41,-7.2,2,6
ITH42,-13.4,2,6
ITH43,-1.0,1,2
ITH44,-3.4,1,2
ITH51,-12.1,2,6
ITH52,-8.1,2,6
ITH53,-14.4,2,6
ITH54,-14.7,2,6
ITH55,-4.3,2,5
ITH56,-17.9,2,6
ITH57,-14.0,2,6
ITH58,-6.1,2,6
ITH59,-11.6,1,3
ITI11,-1.2,2,5
ITI12,-8.7,2,6
ITI13,-9.6,1,3
ITI14,-2.1,1,2
ITI15,-10.9,1,3
ITI16,-12.1,2,6
ITI17,-10.3,2,6
ITI18,-8.7,2,6
ITI19,-8.9,3,9
ITI1A,-15.8,3,9
ITI21,-17.9,2,6
ITI22,-18.6,2,6
ITI31,-9.0,2,6
ITI32,-15.4,2,6
ITI33,-7.4,2,6
ITI34,-12.4,2,6
ITI35,-16.5,2,6
ITI41,-16.9,3,9
ITI42,-17.7,3,9
ITI43,-18.7,1,3
ITI44,-16.7,2,6
ITI45,-9.5,2,6
CY000,-14.0,2,6
LV003,8.3,2,4
LV005,6.3,2,4
LV006,9.8,1,1
LV007,30.4,2,4
LV008,27.0,3,7
LV009,15.8,3,7
LT011,28.4,1,1
LT021,19.0,2,4
LT022,37.1,2,4
LT023,21.2,2,4
LT024,28.2,3,7
LT025,29.8,2,4
LT026,37.0,2,4
LT027,43.8,3,7
LT028,7.4,2,4
LT029,-3.9,2,5
LU000,-9.0,2,6
HU110,8.6,1,1
HU120,3.6,2,5
HU211,20.0,2,4
HU212,10.4,2,4
HU213,19.1,2,4
HU221,10.7,2,4
HU222,18.2,2,4
HU223,1.9,3,8
HU231,11.4,2,4
HU232,15.0,3,7
HU233,19.6,3,7
HU311,28.2,2,4
HU312,25.0,3,7
HU313,10.3,3,7
HU321,13.0,2,4
HU322,12.2,2,4
HU323,27.3,3,7
HU331,34.1,2,4
HU332,10.5,2,4
HU333,14.9,2,4
MT001,25.0,1,1
MT002,37.5,1,1
NL111,0.0,2,5
NL112,-8.3,2,6
NL113,-40.1,2,6
NL124,-13.6,2,6
NL125,-14.1,2,6
NL126,-4.9,2,5
NL131,-16.0,2,6
NL132,-29.3,2,6
NL133,-10.2,2,6
NL211,-9.4,2,6
NL212,-7.1,2,6
NL213,-5.5,1,3
NL221,-6.5,1,3
NL224,-11.4,2,6
NL225,-6.1,2,6
NL226,-10.7,1,3
NL230,-13.6,1,3
NL310,-8.0,1,3
NL321,-15.0,1,3
NL323,-36.9,1,3
NL324,-18.8,1,3
NL325,-12.2,1,3
NL327,-18.1,1,3
NL328,-13.5,1,3
NL329,3.3,1,2
NL332,-23.2,1,3
NL333,-12.7,1,3
NL337,-25.0,1,3
NL33A,-16.2,1,3
NL33B,-19.3,1,3
NL33C,-13.9,1,3
NL341,-16.8,3,9
NL342,-2.9,2,5
NL411,-10.6,1,3
NL412,-6.8,1,3
NL413,-7.4,2,6
NL414,2.1,1,2
NL421,-4.0,2,5
NL422,-1.0,2,5
NL423,-4.2,1,2
AT111,11.6,3,7
AT112,6.7,3,7
AT113,9.5,3,7
AT121,4.1,3,8
AT122,1.1,2,5
AT123,0.0,3,8
AT124,7.1,3,7
AT125,7.7,3,7
AT126,-7.7,1,3
AT127,0.7,2,5
AT130,-10.3,1,3
AT211,-3.1,2,5
AT212,-2.3,3,8
AT213,6.7,3,7
AT221,-2.6,2,5
AT222,6.7,3,7
AT223,0.9,2,5
AT224,10.7,3,7
AT225,2.4,3,8
AT226,2.2,3,8
AT311,14.3,3,7
AT312,-6.0,2,6
AT313,15.3,3,7
AT314,-3.1,3,8
AT315,6.3,3,7
AT321,15.2,3,7
AT322,7.4,3,7
AT323,1.3,2,5
AT331,-0.7,3,8
AT332,-3.6,1,2
AT333,13.6,3,7
AT334,13.7,3,7
AT335,7.7,3,7
AT341,2.1,3,8
AT342,2.3,1,2
PL213,39.8,1,1
PL214,40.0,2,4
PL217,24.3,3,7
PL218,24.3,3,7
PL219,23.5,3,7
PL21A,22.7,2,4
PL224,30.6,2,4
PL225,32.1,2,4
PL227,18.5,1,1
PL228,20.5,1,1
PL229,40.3,1,1
PL22A,24.1,1,1
PL22B,17.9,1,1
PL22C,4.9,1,2
PL411,23.3,3,7
PL414,35.7,3,7
PL415,32.4,1,1
PL416,42.2,3,7
PL417,35.4,3,7
PL418,29.9,2,4
PL424,21.1,2,4
PL426,20.4,2,4
PL427,20.0,3,7
PL428,19.1,2,4
PL431,18.4,2,4
PL432,20.4,2,4
PL514,51.2,1,1
PL515,22.2,2,4
PL516,4.6,2,5
PL517,20.9,2,4
PL518,46.0,2,4
PL523,16.2,3,7
PL524,20.0,2,4
PL613,15.9,1,1
PL616,32.4,3,7
PL617,14.6,3,7
PL618,43.6,3,7
PL619,14.6,3,7
PL621,20.0,2,4
PL622,21.7,2,4
PL623,14.3,2,4
PL633,43.4,1,1
PL634,29.3,2,4
PL636,20.0,2,4
PL637,21.1,3,7
PL638,22.2,2,4
PL711,39.7,1,1
PL712,22.4,1,1
PL713,34.0,3,7
PL714,22.0,3,7
PL715,23.8,3,7
PL721,12.0,2,4
PL722,12.5,3,7
PL811,22.9,3,7
PL812,11.8,3,7
PL814,32.0,2,4
PL815,22.2,3,7
PL821,16.7,3,7
PL822,11.8,3,7
PL823,41.3,3,7
PL824,25.6,3,7
PL841,25.0,2,4
PL842,37.1,3,7
PL843,25.0,3,7
PL911,35.0,1,1
PL912,30.4,2,4
PL913,42.5,2,4
PL921,28.2,2,4
PL922,25.0,3,7
PL923,59.7,3,7
PL924,35.9,3,7
PL925,31.0,3,7
PL926,35.6,3,7
PT111,10.9,3,7
PT112,9.7,2,4
PT119,12.1,2,4
PT11A,-2.6,1,2
PT11B,0.0,3,8
PT11C,4.3,2,5
PT11D,11.5,3,7
PT11E,0.0,3,8
PT150,1.1,2,5
PT16B,-3.0,3,8
PT16D,1.3,2,5
PT16E,-1.4,3,8
PT16F,-3.8,3,8
PT16G,0.0,3,8
PT16H,4.5,3,8
PT16I,-4.5,3,8
PT16J,10.2,3,7
PT170,-12.8,1,3
PT181,-11.2,3,9
PT184,7.2,3,7
PT185,-8.2,3,9
PT186,0.0,3,8
PT187,-1.4,3,8
PT200,-4.1,2,5
PT300,-7.3,1,3
RO111,21.7,3,7
RO112,28.2,3,7
RO113,55.7,2,4
RO114,56.3,3,7
RO115,47.2,3,7
RO116,48.6,3,7
RO121,36.7,3,7
RO122,52.8,2,4
RO123,31.6,3,7
RO124,30.8,3,7
RO125,35.0,3,7
RO126,36.4,2,4
RO211,29.4,3,7
RO212,44.0,3,7
RO213,48.6,2,4
RO214,55.6,3,7
RO215,46.4,3,7
RO216,34.8,3,7
RO221,30.0,2,4
RO222,39.4,3,7
RO223,38.9,2,4
RO224,34.3,2,4
RO225,52.9,3,7
RO226,48.3,3,7
RO311,18.9,3,7
RO312,35.5,3,7
RO313,33.3,3,7
RO314,26.9,3,7
RO315,57.6,3,7
RO316,30.0,2,4
RO317,36.7,3,7
RO321,42.2,1,1
RO322,-15.4,1,3
RO411,38.5,2,4
RO412,73.8,3,7
RO413,36.7,3,7
RO414,58.6,3,7
RO415,37.5,3,7
RO421,40.0,2,4
RO422,34.2,3,7
RO423,30.2,2,4
RO424,20.3,2,4
SI031,3.4,3,8
SI032,-5.3,3,9
SI033,1.4,3,8
SI034,-1.2,3,8
SI035,-14.5,3,9
SI036,2.7,3,8
SI037,0.0,3,8
SI038,-7.6,3,9
SI041,-6.1,2,6
SI042,2.6,2,5
SI043,-9.2,3,9
SI044,-10.3,2,6
SK010,-6.4,1,3
SK021,-4.8,3,8
SK022,-13.8,2,6
SK023,-1.7,2,5
SK031,-1.6,2,5
SK032,-7.4,3,9
SK041,2.4,3,8
SK042,-8.3,2,6
FI193,-10.8,3,9
FI194,-5.4,3,9
FI195,-12.7,3,9
FI196,-13.9,3,9
FI197,-17.2,2,6
FI1B1,-13.3,1,3
FI1C1,-17.1,2,6
FI1C2,-12.9,2,6
FI1C3,-12.5,2,6
FI1C4,0.0,2,5
FI1C5,-7.5,2,6
FI1D1,-3.5,3,8
FI1D2,-6.1,3,9
FI1D3,-1.1,3,8
FI1D5,-11.1,3,9
FI1D7,-1.0,3,8
FI1D8,0.0,3,8
FI1D9,-19.5,3,9
FI200,-14.2,3,9
SE110,-8.4,1,3
SE121,-7.4,2,6
SE122,-13.6,2,6
SE123,-5.5,2,6
SE124,-7.3,2,6
SE125,-12.7,2,6
SE211,-12.7,2,6
SE212,-7.4,3,9
SE213,-18.2,3,9
SE214,-7.3,3,9
SE221,-14.3,2,6
SE224,-10.5,2,6
SE231,-17.1,2,6
SE232,-7.8,1,3
SE311,-7.8,2,6
SE312,-11.8,3,9
SE313,-9.6,2,6
SE321,-10.3,2,6
SE322,-13.5,3,9
SE331,-6.3,2,6
SE332,-3.8,2,5
IS,,,
LI,,,
NO020,-5.0,3,8
NO060,-0.8,2,5
NO071,-0.9,3,8
NO074,10.3,3,7
NO081,-9.3,1,3
NO082,-13.1,2,6
NO091,-14.2,2,6
NO092,-20.8,2,6
NO0A1,-16.0,2,6
NO0A2,-14.8,2,6
NO0A3,-13.4,3,9
NO0B1,,3,
NO0B2,,3,
CH,,,
ME000,19.0,2,4
MK001,41.4,2,4
MK002,28.6,1,1
MK003,11.5,2,4
MK004,50.0,2,4
MK005,14.7,2,4
MK006,5.9,1,1
MK007,0.0,1,2
MK008,10.2,1,1
AL011,57.1,3,7
AL012,11.1,2,4
AL013,5.9,3,7
AL014,22.2,3,7
AL015,22.2,2,4
AL021,23.5,3,7
AL022,-2.4,1,2
AL031,33.3,3,7
AL032,50.0,3,7
AL033,68.4,3,7
AL034,27.8,3,7
AL035,0.0,2,5
RS,,,
TR100,18.1,1,1
TR211,17.6,2,4
TR212,11.1,2,4
TR213,16.1,2,4
TR221,13.6,2,4
TR222,25.0,2,4
TR310,17.2,1,1
TR321,16.2,2,4
TR322,18.2,2,4
TR323,18.5,2,4
TR331,21.7,2,4
TR332,28.1,2,4
TR333,20.5,2,4
TR334,32.4,2,4
TR411,11.9,1,1
TR412,12.5,2,4
TR413,1.6,2,5
TR421,8.2,1,1
TR422,21.7,1,1
TR423,6.5,1,1
TR424,1.7,2,5
TR425,17.0,1,1
TR510,8.1,1,1
TR521,31.4,2,4
TR522,15.2,2,4
TR611,13.3,1,1
TR612,17.5,2,4
TR613,9.1,2,4
TR621,20.6,1,1
TR622,16.7,1,1
TR631,12.5,1,1
TR632,31.0,2,4
TR633,36.0,1,1
TR711,18.9,1,1
TR712,44.8,2,4
TR713,29.0,2,4
TR714,20.6,2,4
TR715,22.6,2,4
TR721,8.7,1,1
TR722,33.3,2,4
TR723,23.1,2,4
TR811,28.1,1,1
TR812,12.8,2,4
TR813,16.1,2,4
TR821,15.8,2,4
TR822,20.0,3,7
TR823,-2.7,2,5
TR831,11.4,2,4
TR832,11.1,2,4
TR833,12.5,2,4
TR834,14.3,2,4
TR901,13.5,1,1
TR902,30.8,2,4
TR903,9.4,2,4
TR904,17.9,2,4
TR905,21.3,3,7
TR906,3.1,3,8
TRA11,25.9,2,4
TRA12,29.3,2,4
TRA13,46.2,3,7
TRA21,35.7,2,4
TRA22,42.9,2,4
TRA23,52.2,2,4
TRA24,56.0,2,4
TRB11,25.9,2,4
TRB12,16.1,2,4
TRB13,63.2,3,7
TRB14,38.5,3,7
TRB21,31.3,2,4
TRB22,36.8,2,4
TRB23,38.9,2,4
TRB24,70.0,2,4
TRC11,40.0,1,1
TRC12,23.8,2,4
TRC13,50.0,2,4
TRC21,11.1,2,4
TRC22,22.7,2,4
TRC31,73.7,2,4
TRC32,17.4,2,4
TRC33,47.6,2,4
TRC34,42.9,2,4